{"count":1,"gauges":{},"self":38.5290016,"total":40.4987117,"children":{"AgentResetIfDone":{"count":2003,"self":0.0182786,"total":0.0182786,"children":null},"AgentSendState":{"count":2003,"self":0.0411181,"total":0.0634758,"children":{"CollectObservations":{"count":4008,"self":0.022357699999999998,"total":0.022357699999999998,"children":null}}},"DecideAction":{"count":2003,"self":1.6498929,"total":1.814346,"children":{"RayPerceptionSensor.Perceive":{"count":4008,"self":0.1644531,"total":0.1644531,"children":null}}},"AcademyStep":{"count":2003,"self":0.0018158999999999998,"total":0.0018158999999999998,"children":null},"AgentAct":{"count":2003,"self":0.07076919999999999,"total":0.07076919999999999,"children":null}}}